-- phpMyAdmin SQL Dump
-- version 4.6.4
-- https://www.phpmyadmin.net/
--
-- Host: 127.0.0.1
-- Generation Time: May 11, 2018 at 12:59 PM
-- Server version: 5.7.14
-- PHP Version: 5.6.25

SET SQL_MODE = "NO_AUTO_VALUE_ON_ZERO";
SET time_zone = "+00:00";


/*!40101 SET @OLD_CHARACTER_SET_CLIENT=@@CHARACTER_SET_CLIENT */;
/*!40101 SET @OLD_CHARACTER_SET_RESULTS=@@CHARACTER_SET_RESULTS */;
/*!40101 SET @OLD_COLLATION_CONNECTION=@@COLLATION_CONNECTION */;
/*!40101 SET NAMES utf8mb4 */;

--
-- Database: `spunk`
--

-- --------------------------------------------------------

--
-- Table structure for table `bookings`
--

CREATE TABLE `bookings` (
  `bookings_id` int(11) NOT NULL,
  `user_id` int(11) DEFAULT NULL,
  `date` date DEFAULT NULL,
  `courts_id` tinyint(4) DEFAULT NULL,
  `slots_id` tinyint(4) DEFAULT NULL,
  `booked_by` tinyint(4) DEFAULT NULL COMMENT '1-user, 2-admin',
  `booked_on` int(11) DEFAULT NULL,
  `payment_type` tinyint(4) DEFAULT NULL COMMENT '1-COD, 2-Online',
  `transaction_id` varchar(255) DEFAULT NULL,
  `payment_status` tinyint(4) DEFAULT NULL COMMENT '0-initiated, 1-success, 2-failed, 3-refunded',
  `amount` int(11) DEFAULT NULL,
  `status` tinyint(4) DEFAULT NULL COMMENT '0-available, 1-booked',
  `created_at` datetime DEFAULT CURRENT_TIMESTAMP,
  `updated_at` datetime DEFAULT NULL
) ENGINE=InnoDB DEFAULT CHARSET=latin1;

--
-- Dumping data for table `bookings`
--

INSERT INTO `bookings` (`bookings_id`, `user_id`, `date`, `courts_id`, `slots_id`, `booked_by`, `booked_on`, `payment_type`, `transaction_id`, `payment_status`, `amount`, `status`, `created_at`, `updated_at`) VALUES
(1, 30, '2017-07-27', 30, 76, 1, 1501162533, 2, '39e2697d91dc4a0abba870d29207c6db', 1, 400, 1, '2017-07-27 18:48:40', NULL),
(2, 21, '2017-07-27', 30, 77, 1, 1501027200, 2, NULL, NULL, 150, 1, '2017-07-27 18:48:40', NULL),
(3, 20, '2017-07-27', 30, 78, 2, 1501027200, 1, NULL, NULL, 400, 1, '2017-07-27 18:48:40', NULL),
(4, 18, '2017-07-27', 30, 79, 2, 1501200000, 1, NULL, NULL, 200, 1, '2017-07-27 18:48:40', NULL),
(5, 17, '2017-07-27', 31, 50, 2, 1498867200, 1, NULL, NULL, 250, 1, '2017-07-27 18:48:40', NULL),
(6, 20, '2017-07-27', 31, 51, NULL, 1501570563, 1, NULL, NULL, 300, 1, '2017-07-27 18:48:40', NULL),
(7, 21, '2017-07-27', 31, 52, NULL, 1501574400, 2, NULL, NULL, 250, 1, '2017-07-27 18:48:40', NULL),
(8, NULL, '2017-07-27', 31, 53, NULL, NULL, NULL, NULL, NULL, NULL, 0, '2017-07-27 18:48:41', NULL),
(9, NULL, '2017-07-27', 31, 54, NULL, NULL, NULL, NULL, NULL, NULL, 0, '2017-07-27 18:48:41', NULL),
(10, NULL, '2017-07-27', 31, 55, NULL, NULL, NULL, NULL, NULL, NULL, 0, '2017-07-27 18:48:41', NULL),
(11, NULL, '2017-07-27', 32, 56, NULL, NULL, NULL, NULL, NULL, NULL, 0, '2017-07-27 18:48:41', NULL),
(12, NULL, '2017-07-27', 32, 57, NULL, NULL, NULL, NULL, NULL, NULL, 0, '2017-07-27 18:48:41', NULL),
(13, NULL, '2017-07-27', 32, 58, NULL, NULL, NULL, NULL, NULL, NULL, 0, '2017-07-27 18:48:41', NULL),
(14, NULL, '2017-07-27', 32, 59, NULL, NULL, NULL, NULL, NULL, NULL, 0, '2017-07-27 18:48:41', NULL),
(15, NULL, '2017-07-27', 32, 60, NULL, NULL, NULL, NULL, NULL, NULL, 0, '2017-07-27 18:48:41', NULL),
(16, NULL, '2017-07-27', 32, 61, NULL, NULL, NULL, NULL, NULL, NULL, 0, '2017-07-27 18:48:41', NULL),
(17, NULL, '2017-07-27', 32, 62, NULL, NULL, NULL, NULL, NULL, NULL, 0, '2017-07-27 18:48:41', NULL),
(18, NULL, '2017-07-27', 32, 63, NULL, NULL, NULL, NULL, NULL, NULL, 0, '2017-07-27 18:48:41', NULL),
(19, NULL, '2017-07-27', 33, 64, NULL, NULL, NULL, NULL, NULL, NULL, 0, '2017-07-27 18:48:41', NULL),
(20, NULL, '2017-07-27', 33, 65, NULL, NULL, NULL, NULL, NULL, NULL, 0, '2017-07-27 18:48:41', NULL),
(21, NULL, '2017-07-27', 33, 66, NULL, NULL, NULL, NULL, NULL, NULL, 0, '2017-07-27 18:48:41', NULL),
(22, NULL, '2017-07-27', 33, 67, NULL, NULL, NULL, NULL, NULL, NULL, 0, '2017-07-27 18:48:41', NULL),
(23, NULL, '2017-07-27', 33, 68, NULL, NULL, NULL, NULL, NULL, NULL, 0, '2017-07-27 18:48:41', NULL),
(24, NULL, '2017-07-27', 33, 69, NULL, NULL, NULL, NULL, NULL, NULL, 0, '2017-07-27 18:48:41', NULL),
(25, NULL, '2017-07-27', 33, 70, NULL, NULL, NULL, NULL, NULL, NULL, 0, '2017-07-27 18:48:41', NULL),
(26, NULL, '2017-07-27', 34, 71, NULL, NULL, NULL, NULL, NULL, NULL, 0, '2017-07-27 18:48:41', NULL),
(27, NULL, '2017-07-27', 34, 72, NULL, NULL, NULL, NULL, NULL, NULL, 0, '2017-07-27 18:48:41', NULL),
(28, NULL, '2017-07-27', 34, 73, NULL, NULL, NULL, NULL, NULL, NULL, 0, '2017-07-27 18:48:41', NULL),
(29, NULL, '2017-07-27', 34, 74, NULL, NULL, NULL, NULL, NULL, NULL, 0, '2017-07-27 18:48:41', NULL),
(30, NULL, '2017-07-27', 34, 75, NULL, NULL, NULL, NULL, NULL, NULL, 0, '2017-07-27 18:48:41', NULL),
(31, NULL, '2017-07-28', 30, 76, NULL, NULL, NULL, NULL, NULL, NULL, 0, '2017-07-28 11:39:51', NULL),
(32, NULL, '2017-07-28', 30, 77, NULL, NULL, NULL, NULL, NULL, NULL, 0, '2017-07-28 11:39:51', NULL),
(33, NULL, '2017-07-28', 30, 78, NULL, NULL, NULL, NULL, NULL, NULL, 0, '2017-07-28 11:39:51', NULL),
(34, NULL, '2017-07-28', 30, 79, NULL, NULL, NULL, NULL, NULL, NULL, 0, '2017-07-28 11:39:51', NULL),
(35, NULL, '2017-07-28', 31, 50, NULL, NULL, NULL, NULL, NULL, NULL, 0, '2017-07-28 11:39:51', NULL),
(36, NULL, '2017-07-28', 31, 51, NULL, NULL, NULL, NULL, NULL, NULL, 0, '2017-07-28 11:39:52', NULL),
(37, NULL, '2017-07-28', 31, 52, NULL, NULL, NULL, NULL, NULL, NULL, 0, '2017-07-28 11:39:52', NULL),
(38, NULL, '2017-07-28', 31, 53, NULL, NULL, NULL, NULL, NULL, NULL, 0, '2017-07-28 11:39:52', NULL),
(39, NULL, '2017-07-28', 31, 54, NULL, NULL, NULL, NULL, NULL, NULL, 0, '2017-07-28 11:39:52', NULL),
(40, NULL, '2017-07-28', 31, 55, NULL, NULL, NULL, NULL, NULL, NULL, 0, '2017-07-28 11:39:52', NULL),
(41, NULL, '2017-07-28', 32, 56, NULL, NULL, NULL, NULL, NULL, NULL, 0, '2017-07-28 11:39:52', NULL),
(42, NULL, '2017-07-28', 32, 57, NULL, NULL, NULL, NULL, NULL, NULL, 0, '2017-07-28 11:39:52', NULL),
(43, NULL, '2017-07-28', 32, 58, NULL, NULL, NULL, NULL, NULL, NULL, 0, '2017-07-28 11:39:52', NULL),
(44, NULL, '2017-07-28', 32, 59, NULL, NULL, NULL, NULL, NULL, NULL, 0, '2017-07-28 11:39:52', NULL),
(45, NULL, '2017-07-28', 32, 60, NULL, NULL, NULL, NULL, NULL, NULL, 0, '2017-07-28 11:39:52', NULL),
(46, NULL, '2017-07-28', 32, 61, NULL, NULL, NULL, NULL, NULL, NULL, 0, '2017-07-28 11:39:52', NULL),
(47, NULL, '2017-07-28', 32, 62, NULL, NULL, NULL, NULL, NULL, NULL, 0, '2017-07-28 11:39:52', NULL),
(48, NULL, '2017-07-28', 32, 63, NULL, NULL, NULL, NULL, NULL, NULL, 0, '2017-07-28 11:39:52', NULL),
(49, NULL, '2017-07-28', 33, 64, NULL, NULL, NULL, NULL, NULL, NULL, 0, '2017-07-28 11:39:52', NULL),
(50, NULL, '2017-07-28', 33, 65, NULL, NULL, NULL, NULL, NULL, NULL, 0, '2017-07-28 11:39:52', NULL),
(51, NULL, '2017-07-28', 33, 66, NULL, NULL, NULL, NULL, NULL, NULL, 0, '2017-07-28 11:39:52', NULL),
(52, NULL, '2017-07-28', 33, 67, NULL, NULL, NULL, NULL, NULL, NULL, 0, '2017-07-28 11:39:52', NULL),
(53, NULL, '2017-07-28', 33, 68, NULL, NULL, NULL, NULL, NULL, NULL, 0, '2017-07-28 11:39:52', NULL),
(54, NULL, '2017-07-28', 33, 69, NULL, NULL, NULL, NULL, NULL, NULL, 0, '2017-07-28 11:39:52', NULL),
(55, NULL, '2017-07-28', 33, 70, NULL, NULL, NULL, NULL, NULL, NULL, 0, '2017-07-28 11:39:52', NULL),
(56, NULL, '2017-07-28', 34, 71, NULL, NULL, NULL, NULL, NULL, NULL, 0, '2017-07-28 11:39:52', NULL),
(57, NULL, '2017-07-28', 34, 72, NULL, NULL, NULL, NULL, NULL, NULL, 0, '2017-07-28 11:39:52', NULL),
(58, NULL, '2017-07-28', 34, 73, NULL, NULL, NULL, NULL, NULL, NULL, 0, '2017-07-28 11:39:52', NULL),
(59, NULL, '2017-07-28', 34, 74, NULL, NULL, NULL, NULL, NULL, NULL, 0, '2017-07-28 11:39:52', NULL),
(60, NULL, '2017-07-28', 34, 75, NULL, NULL, NULL, NULL, NULL, NULL, 0, '2017-07-28 11:39:52', NULL),
(61, NULL, '2017-07-29', 30, 76, NULL, NULL, NULL, NULL, NULL, NULL, 0, '2017-07-29 14:51:01', NULL),
(62, NULL, '2017-07-29', 30, 77, NULL, NULL, NULL, NULL, NULL, NULL, 0, '2017-07-29 14:51:02', NULL),
(63, NULL, '2017-07-29', 30, 78, NULL, NULL, NULL, NULL, NULL, NULL, 0, '2017-07-29 14:51:02', NULL),
(64, NULL, '2017-07-29', 30, 79, NULL, NULL, NULL, NULL, NULL, NULL, 0, '2017-07-29 14:51:02', NULL),
(65, NULL, '2017-07-29', 31, 50, NULL, NULL, NULL, NULL, NULL, NULL, 0, '2017-07-29 14:51:02', NULL),
(66, NULL, '2017-07-29', 31, 51, NULL, NULL, NULL, NULL, NULL, NULL, 0, '2017-07-29 14:51:02', NULL),
(67, NULL, '2017-07-29', 31, 52, NULL, NULL, NULL, NULL, NULL, NULL, 0, '2017-07-29 14:51:02', NULL),
(68, NULL, '2017-07-29', 31, 53, NULL, NULL, NULL, NULL, NULL, NULL, 0, '2017-07-29 14:51:02', NULL),
(69, NULL, '2017-07-29', 31, 54, NULL, NULL, NULL, NULL, NULL, NULL, 0, '2017-07-29 14:51:02', NULL),
(70, NULL, '2017-07-29', 31, 55, NULL, NULL, NULL, NULL, NULL, NULL, 0, '2017-07-29 14:51:02', NULL),
(71, NULL, '2017-07-29', 32, 56, NULL, NULL, NULL, NULL, NULL, NULL, 0, '2017-07-29 14:51:02', NULL),
(72, NULL, '2017-07-29', 32, 57, NULL, NULL, NULL, NULL, NULL, NULL, 0, '2017-07-29 14:51:02', NULL),
(73, NULL, '2017-07-29', 32, 58, NULL, NULL, NULL, NULL, NULL, NULL, 0, '2017-07-29 14:51:02', NULL),
(74, NULL, '2017-07-29', 32, 59, NULL, NULL, NULL, NULL, NULL, NULL, 0, '2017-07-29 14:51:02', NULL),
(75, NULL, '2017-07-29', 32, 60, NULL, NULL, NULL, NULL, NULL, NULL, 0, '2017-07-29 14:51:02', NULL),
(76, NULL, '2017-07-29', 32, 61, NULL, NULL, NULL, NULL, NULL, NULL, 0, '2017-07-29 14:51:02', NULL),
(77, NULL, '2017-07-29', 32, 62, NULL, NULL, NULL, NULL, NULL, NULL, 0, '2017-07-29 14:51:02', NULL),
(78, NULL, '2017-07-29', 32, 63, NULL, NULL, NULL, NULL, NULL, NULL, 0, '2017-07-29 14:51:02', NULL),
(79, NULL, '2017-07-29', 33, 64, NULL, NULL, NULL, NULL, NULL, NULL, 0, '2017-07-29 14:51:02', NULL),
(80, NULL, '2017-07-29', 33, 65, NULL, NULL, NULL, NULL, NULL, NULL, 0, '2017-07-29 14:51:02', NULL),
(81, NULL, '2017-07-29', 33, 66, NULL, NULL, NULL, NULL, NULL, NULL, 0, '2017-07-29 14:51:02', NULL),
(82, NULL, '2017-07-29', 33, 67, NULL, NULL, NULL, NULL, NULL, NULL, 0, '2017-07-29 14:51:02', NULL),
(83, NULL, '2017-07-29', 33, 68, NULL, NULL, NULL, NULL, NULL, NULL, 0, '2017-07-29 14:51:02', NULL),
(84, NULL, '2017-07-29', 33, 69, NULL, NULL, NULL, NULL, NULL, NULL, 0, '2017-07-29 14:51:02', NULL),
(85, NULL, '2017-07-29', 33, 70, NULL, NULL, NULL, NULL, NULL, NULL, 0, '2017-07-29 14:51:02', NULL),
(86, NULL, '2017-07-29', 34, 71, NULL, NULL, NULL, NULL, NULL, NULL, 0, '2017-07-29 14:51:02', NULL),
(87, NULL, '2017-07-29', 34, 72, NULL, NULL, NULL, NULL, NULL, NULL, 0, '2017-07-29 14:51:02', NULL),
(88, NULL, '2017-07-29', 34, 73, NULL, NULL, NULL, NULL, NULL, NULL, 0, '2017-07-29 14:51:02', NULL),
(89, NULL, '2017-07-29', 34, 74, NULL, NULL, NULL, NULL, NULL, NULL, 0, '2017-07-29 14:51:02', NULL),
(90, NULL, '2017-07-29', 34, 75, NULL, NULL, NULL, NULL, NULL, NULL, 0, '2017-07-29 14:51:02', NULL),
(91, NULL, '2017-07-31', 30, 76, NULL, NULL, NULL, NULL, NULL, NULL, 0, '2017-07-31 11:47:27', NULL),
(92, NULL, '2017-07-31', 30, 77, NULL, NULL, NULL, NULL, NULL, NULL, 0, '2017-07-31 11:47:28', NULL),
(93, NULL, '2017-07-31', 30, 78, NULL, NULL, NULL, NULL, NULL, NULL, 0, '2017-07-31 11:47:28', NULL),
(94, NULL, '2017-07-31', 30, 79, NULL, NULL, NULL, NULL, NULL, NULL, 0, '2017-07-31 11:47:28', NULL),
(95, NULL, '2017-07-31', 31, 50, NULL, NULL, NULL, NULL, NULL, NULL, 0, '2017-07-31 11:47:28', NULL),
(96, NULL, '2017-07-31', 31, 51, NULL, NULL, NULL, NULL, NULL, NULL, 0, '2017-07-31 11:47:28', NULL),
(97, NULL, '2017-07-31', 31, 52, NULL, NULL, NULL, NULL, NULL, NULL, 0, '2017-07-31 11:47:28', NULL),
(98, NULL, '2017-07-31', 31, 53, NULL, NULL, NULL, NULL, NULL, NULL, 0, '2017-07-31 11:47:28', NULL),
(99, NULL, '2017-07-31', 31, 54, NULL, NULL, NULL, NULL, NULL, NULL, 0, '2017-07-31 11:47:28', NULL),
(100, NULL, '2017-07-31', 31, 55, NULL, NULL, NULL, NULL, NULL, NULL, 0, '2017-07-31 11:47:28', NULL),
(101, NULL, '2017-07-31', 32, 56, NULL, NULL, NULL, NULL, NULL, NULL, 0, '2017-07-31 11:47:28', NULL),
(102, NULL, '2017-07-31', 32, 57, NULL, NULL, NULL, NULL, NULL, NULL, 0, '2017-07-31 11:47:28', NULL),
(103, NULL, '2017-07-31', 32, 58, NULL, NULL, NULL, NULL, NULL, NULL, 0, '2017-07-31 11:47:28', NULL),
(104, NULL, '2017-07-31', 32, 59, NULL, NULL, NULL, NULL, NULL, NULL, 0, '2017-07-31 11:47:28', NULL),
(105, NULL, '2017-07-31', 32, 60, NULL, NULL, NULL, NULL, NULL, NULL, 0, '2017-07-31 11:47:28', NULL),
(106, NULL, '2017-07-31', 32, 61, NULL, NULL, NULL, NULL, NULL, NULL, 0, '2017-07-31 11:47:29', NULL),
(107, NULL, '2017-07-31', 32, 62, NULL, NULL, NULL, NULL, NULL, NULL, 0, '2017-07-31 11:47:29', NULL),
(108, NULL, '2017-07-31', 32, 63, NULL, NULL, NULL, NULL, NULL, NULL, 0, '2017-07-31 11:47:29', NULL),
(109, NULL, '2017-07-31', 33, 64, NULL, NULL, NULL, NULL, NULL, NULL, 0, '2017-07-31 11:47:29', NULL),
(110, NULL, '2017-07-31', 33, 65, NULL, NULL, NULL, NULL, NULL, NULL, 0, '2017-07-31 11:47:29', NULL),
(111, NULL, '2017-07-31', 33, 66, NULL, NULL, NULL, NULL, NULL, NULL, 0, '2017-07-31 11:47:29', NULL),
(112, NULL, '2017-07-31', 33, 67, NULL, NULL, NULL, NULL, NULL, NULL, 0, '2017-07-31 11:47:29', NULL),
(113, NULL, '2017-07-31', 33, 68, NULL, NULL, NULL, NULL, NULL, NULL, 0, '2017-07-31 11:47:29', NULL),
(114, NULL, '2017-07-31', 33, 69, NULL, NULL, NULL, NULL, NULL, NULL, 0, '2017-07-31 11:47:29', NULL),
(115, NULL, '2017-07-31', 33, 70, NULL, NULL, NULL, NULL, NULL, NULL, 0, '2017-07-31 11:47:29', NULL),
(116, NULL, '2017-07-31', 34, 71, NULL, NULL, NULL, NULL, NULL, NULL, 0, '2017-07-31 11:47:29', NULL),
(117, NULL, '2017-07-31', 34, 72, NULL, NULL, NULL, NULL, NULL, NULL, 0, '2017-07-31 11:47:29', NULL),
(118, NULL, '2017-07-31', 34, 73, NULL, NULL, NULL, NULL, NULL, NULL, 0, '2017-07-31 11:47:29', NULL),
(119, NULL, '2017-07-31', 34, 74, NULL, NULL, NULL, NULL, NULL, NULL, 0, '2017-07-31 11:47:29', NULL),
(120, NULL, '2017-07-31', 34, 75, NULL, NULL, NULL, NULL, NULL, NULL, 0, '2017-07-31 11:47:29', NULL),
(121, NULL, '2017-08-01', 30, 76, NULL, NULL, NULL, NULL, NULL, NULL, 0, '2017-08-01 12:22:02', NULL),
(122, NULL, '2017-08-01', 30, 77, NULL, NULL, NULL, NULL, NULL, NULL, 0, '2017-08-01 12:22:02', NULL),
(123, NULL, '2017-08-01', 30, 78, NULL, NULL, NULL, NULL, NULL, NULL, 0, '2017-08-01 12:22:02', NULL),
(124, NULL, '2017-08-01', 30, 79, NULL, NULL, NULL, NULL, NULL, NULL, 0, '2017-08-01 12:22:02', NULL),
(125, NULL, '2017-08-01', 31, 50, NULL, NULL, NULL, NULL, NULL, NULL, 0, '2017-08-01 12:22:02', NULL),
(126, NULL, '2017-08-01', 31, 51, NULL, NULL, NULL, NULL, NULL, NULL, 0, '2017-08-01 12:22:02', NULL),
(127, NULL, '2017-08-01', 31, 52, NULL, NULL, NULL, NULL, NULL, NULL, 0, '2017-08-01 12:22:02', NULL),
(128, NULL, '2017-08-01', 31, 53, NULL, NULL, NULL, NULL, NULL, NULL, 0, '2017-08-01 12:22:02', NULL),
(129, NULL, '2017-08-01', 31, 54, NULL, NULL, NULL, NULL, NULL, NULL, 0, '2017-08-01 12:22:02', NULL),
(130, NULL, '2017-08-01', 31, 55, NULL, NULL, NULL, NULL, NULL, NULL, 0, '2017-08-01 12:22:02', NULL),
(131, NULL, '2017-08-01', 32, 56, NULL, NULL, NULL, NULL, NULL, NULL, 0, '2017-08-01 12:22:02', NULL),
(132, NULL, '2017-08-01', 32, 57, NULL, NULL, NULL, NULL, NULL, NULL, 0, '2017-08-01 12:22:02', NULL),
(133, NULL, '2017-08-01', 32, 58, NULL, NULL, NULL, NULL, NULL, NULL, 0, '2017-08-01 12:22:03', NULL),
(134, NULL, '2017-08-01', 32, 59, NULL, NULL, NULL, NULL, NULL, NULL, 0, '2017-08-01 12:22:03', NULL),
(135, NULL, '2017-08-01', 32, 60, NULL, NULL, NULL, NULL, NULL, NULL, 0, '2017-08-01 12:22:03', NULL),
(136, NULL, '2017-08-01', 32, 61, NULL, NULL, NULL, NULL, NULL, NULL, 0, '2017-08-01 12:22:03', NULL),
(137, NULL, '2017-08-01', 32, 62, NULL, NULL, NULL, NULL, NULL, NULL, 0, '2017-08-01 12:22:03', NULL),
(138, NULL, '2017-08-01', 32, 63, NULL, NULL, NULL, NULL, NULL, NULL, 0, '2017-08-01 12:22:03', NULL),
(139, NULL, '2017-08-01', 33, 64, NULL, NULL, NULL, NULL, NULL, NULL, 0, '2017-08-01 12:22:03', NULL),
(140, NULL, '2017-08-01', 33, 65, NULL, NULL, NULL, NULL, NULL, NULL, 0, '2017-08-01 12:22:03', NULL),
(141, NULL, '2017-08-01', 33, 66, NULL, NULL, NULL, NULL, NULL, NULL, 0, '2017-08-01 12:22:03', NULL),
(142, NULL, '2017-08-01', 33, 67, NULL, NULL, NULL, NULL, NULL, NULL, 0, '2017-08-01 12:22:03', NULL),
(143, NULL, '2017-08-01', 33, 68, NULL, NULL, NULL, NULL, NULL, NULL, 0, '2017-08-01 12:22:03', NULL),
(144, NULL, '2017-08-01', 33, 69, NULL, NULL, NULL, NULL, NULL, NULL, 0, '2017-08-01 12:22:03', NULL),
(145, NULL, '2017-08-01', 33, 70, NULL, NULL, NULL, NULL, NULL, NULL, 0, '2017-08-01 12:22:03', NULL),
(146, NULL, '2017-08-01', 34, 71, NULL, NULL, NULL, NULL, NULL, NULL, 0, '2017-08-01 12:22:03', NULL),
(147, NULL, '2017-08-01', 34, 72, NULL, NULL, NULL, NULL, NULL, NULL, 0, '2017-08-01 12:22:04', NULL),
(148, NULL, '2017-08-01', 34, 73, NULL, NULL, NULL, NULL, NULL, NULL, 0, '2017-08-01 12:22:04', NULL),
(149, NULL, '2017-08-01', 34, 74, NULL, NULL, NULL, NULL, NULL, NULL, 0, '2017-08-01 12:22:04', NULL),
(150, NULL, '2017-08-01', 34, 75, NULL, NULL, NULL, NULL, NULL, NULL, 0, '2017-08-01 12:22:04', NULL),
(151, NULL, '2017-08-26', 30, 76, NULL, NULL, NULL, NULL, NULL, NULL, 0, '2017-08-26 12:05:26', NULL),
(152, NULL, '2017-08-26', 30, 77, NULL, NULL, NULL, NULL, NULL, NULL, 0, '2017-08-26 12:05:26', NULL),
(153, NULL, '2017-08-26', 30, 78, NULL, NULL, NULL, NULL, NULL, NULL, 0, '2017-08-26 12:05:26', NULL),
(154, NULL, '2017-08-26', 30, 79, NULL, NULL, NULL, NULL, NULL, NULL, 0, '2017-08-26 12:05:26', NULL),
(155, NULL, '2017-08-26', 31, 50, NULL, NULL, NULL, NULL, NULL, NULL, 0, '2017-08-26 12:05:26', NULL),
(156, NULL, '2017-08-26', 31, 51, NULL, NULL, NULL, NULL, NULL, NULL, 0, '2017-08-26 12:05:26', NULL),
(157, NULL, '2017-08-26', 31, 52, NULL, NULL, NULL, NULL, NULL, NULL, 0, '2017-08-26 12:05:26', NULL),
(158, NULL, '2017-08-26', 31, 53, NULL, NULL, NULL, NULL, NULL, NULL, 0, '2017-08-26 12:05:27', NULL),
(159, NULL, '2017-08-26', 31, 54, NULL, NULL, NULL, NULL, NULL, NULL, 0, '2017-08-26 12:05:27', NULL),
(160, NULL, '2017-08-26', 31, 55, NULL, NULL, NULL, NULL, NULL, NULL, 0, '2017-08-26 12:05:27', NULL),
(161, NULL, '2017-08-26', 32, 56, NULL, NULL, NULL, NULL, NULL, NULL, 0, '2017-08-26 12:05:27', NULL),
(162, NULL, '2017-08-26', 32, 57, NULL, NULL, NULL, NULL, NULL, NULL, 0, '2017-08-26 12:05:27', NULL),
(163, NULL, '2017-08-26', 32, 58, NULL, NULL, NULL, NULL, NULL, NULL, 0, '2017-08-26 12:05:27', NULL),
(164, NULL, '2017-08-26', 32, 59, NULL, NULL, NULL, NULL, NULL, NULL, 0, '2017-08-26 12:05:27', NULL),
(165, NULL, '2017-08-26', 32, 60, NULL, NULL, NULL, NULL, NULL, NULL, 0, '2017-08-26 12:05:27', NULL),
(166, NULL, '2017-08-26', 32, 61, NULL, NULL, NULL, NULL, NULL, NULL, 0, '2017-08-26 12:05:27', NULL),
(167, NULL, '2017-08-26', 32, 62, NULL, NULL, NULL, NULL, NULL, NULL, 0, '2017-08-26 12:05:27', NULL),
(168, NULL, '2017-08-26', 32, 63, NULL, NULL, NULL, NULL, NULL, NULL, 0, '2017-08-26 12:05:27', NULL),
(169, NULL, '2017-08-26', 33, 64, NULL, NULL, NULL, NULL, NULL, NULL, 0, '2017-08-26 12:05:27', NULL),
(170, NULL, '2017-08-26', 33, 65, NULL, NULL, NULL, NULL, NULL, NULL, 0, '2017-08-26 12:05:27', NULL),
(171, NULL, '2017-08-26', 33, 66, NULL, NULL, NULL, NULL, NULL, NULL, 0, '2017-08-26 12:05:27', NULL),
(172, NULL, '2017-08-26', 33, 67, NULL, NULL, NULL, NULL, NULL, NULL, 0, '2017-08-26 12:05:27', NULL),
(173, NULL, '2017-08-26', 33, 68, NULL, NULL, NULL, NULL, NULL, NULL, 0, '2017-08-26 12:05:27', NULL),
(174, NULL, '2017-08-26', 33, 69, NULL, NULL, NULL, NULL, NULL, NULL, 0, '2017-08-26 12:05:27', NULL),
(175, NULL, '2017-08-26', 33, 70, NULL, NULL, NULL, NULL, NULL, NULL, 0, '2017-08-26 12:05:27', NULL),
(176, NULL, '2017-08-26', 34, 71, NULL, NULL, NULL, NULL, NULL, NULL, 0, '2017-08-26 12:05:27', NULL),
(177, NULL, '2017-08-26', 34, 72, NULL, NULL, NULL, NULL, NULL, NULL, 0, '2017-08-26 12:05:27', NULL),
(178, NULL, '2017-08-26', 34, 73, NULL, NULL, NULL, NULL, NULL, NULL, 0, '2017-08-26 12:05:27', NULL),
(179, NULL, '2017-08-26', 34, 74, NULL, NULL, NULL, NULL, NULL, NULL, 0, '2017-08-26 12:05:28', NULL),
(180, NULL, '2017-08-26', 34, 75, NULL, NULL, NULL, NULL, NULL, NULL, 0, '2017-08-26 12:05:28', NULL),
(181, NULL, '2018-02-15', 30, 76, NULL, NULL, NULL, NULL, NULL, NULL, 0, '2018-02-15 17:47:43', NULL),
(182, NULL, '2018-02-15', 30, 77, NULL, NULL, NULL, NULL, NULL, NULL, 0, '2018-02-15 17:47:43', NULL),
(183, NULL, '2018-02-15', 30, 78, NULL, NULL, NULL, NULL, NULL, NULL, 0, '2018-02-15 17:47:43', NULL),
(184, NULL, '2018-02-15', 30, 79, NULL, NULL, NULL, NULL, NULL, NULL, 0, '2018-02-15 17:47:43', NULL),
(185, NULL, '2018-02-15', 31, 50, NULL, NULL, NULL, NULL, NULL, NULL, 0, '2018-02-15 17:47:43', NULL),
(186, NULL, '2018-02-15', 31, 51, NULL, NULL, NULL, NULL, NULL, NULL, 0, '2018-02-15 17:47:43', NULL),
(187, NULL, '2018-02-15', 31, 52, NULL, NULL, NULL, NULL, NULL, NULL, 0, '2018-02-15 17:47:43', NULL),
(188, NULL, '2018-02-15', 31, 53, NULL, NULL, NULL, NULL, NULL, NULL, 0, '2018-02-15 17:47:43', NULL),
(189, NULL, '2018-02-15', 31, 54, NULL, NULL, NULL, NULL, NULL, NULL, 0, '2018-02-15 17:47:43', NULL),
(190, NULL, '2018-02-15', 31, 55, NULL, NULL, NULL, NULL, NULL, NULL, 0, '2018-02-15 17:47:43', NULL),
(191, NULL, '2018-02-15', 32, 56, NULL, NULL, NULL, NULL, NULL, NULL, 0, '2018-02-15 17:47:43', NULL),
(192, NULL, '2018-02-15', 32, 57, NULL, NULL, NULL, NULL, NULL, NULL, 0, '2018-02-15 17:47:43', NULL),
(193, NULL, '2018-02-15', 32, 58, NULL, NULL, NULL, NULL, NULL, NULL, 0, '2018-02-15 17:47:43', NULL),
(194, NULL, '2018-02-15', 32, 59, NULL, NULL, NULL, NULL, NULL, NULL, 0, '2018-02-15 17:47:43', NULL),
(195, NULL, '2018-02-15', 32, 60, NULL, NULL, NULL, NULL, NULL, NULL, 0, '2018-02-15 17:47:44', NULL),
(196, NULL, '2018-02-15', 32, 61, NULL, NULL, NULL, NULL, NULL, NULL, 0, '2018-02-15 17:47:44', NULL),
(197, NULL, '2018-02-15', 32, 62, NULL, NULL, NULL, NULL, NULL, NULL, 0, '2018-02-15 17:47:44', NULL),
(198, NULL, '2018-02-15', 32, 63, NULL, NULL, NULL, NULL, NULL, NULL, 0, '2018-02-15 17:47:44', NULL),
(199, NULL, '2018-02-15', 33, 64, NULL, NULL, NULL, NULL, NULL, NULL, 0, '2018-02-15 17:47:44', NULL),
(200, NULL, '2018-02-15', 33, 65, NULL, NULL, NULL, NULL, NULL, NULL, 0, '2018-02-15 17:47:44', NULL),
(201, NULL, '2018-02-15', 33, 66, NULL, NULL, NULL, NULL, NULL, NULL, 0, '2018-02-15 17:47:44', NULL),
(202, NULL, '2018-02-15', 33, 67, NULL, NULL, NULL, NULL, NULL, NULL, 0, '2018-02-15 17:47:44', NULL),
(203, NULL, '2018-02-15', 33, 68, NULL, NULL, NULL, NULL, NULL, NULL, 0, '2018-02-15 17:47:44', NULL),
(204, NULL, '2018-02-15', 33, 69, NULL, NULL, NULL, NULL, NULL, NULL, 0, '2018-02-15 17:47:44', NULL),
(205, NULL, '2018-02-15', 33, 70, NULL, NULL, NULL, NULL, NULL, NULL, 0, '2018-02-15 17:47:44', NULL),
(206, NULL, '2018-02-15', 34, 71, NULL, NULL, NULL, NULL, NULL, NULL, 0, '2018-02-15 17:47:44', NULL),
(207, NULL, '2018-02-15', 34, 72, NULL, NULL, NULL, NULL, NULL, NULL, 0, '2018-02-15 17:47:44', NULL),
(208, NULL, '2018-02-15', 34, 73, NULL, NULL, NULL, NULL, NULL, NULL, 0, '2018-02-15 17:47:44', NULL),
(209, NULL, '2018-02-15', 34, 74, NULL, NULL, NULL, NULL, NULL, NULL, 0, '2018-02-15 17:47:44', NULL),
(210, NULL, '2018-02-15', 34, 75, NULL, NULL, NULL, NULL, NULL, NULL, 0, '2018-02-15 17:47:44', NULL),
(211, NULL, '2018-02-28', 30, 76, NULL, NULL, NULL, NULL, NULL, NULL, 0, '2018-02-28 15:07:06', NULL),
(212, NULL, '2018-02-28', 30, 77, NULL, NULL, NULL, NULL, NULL, NULL, 0, '2018-02-28 15:07:07', NULL),
(213, NULL, '2018-02-28', 30, 78, NULL, NULL, NULL, NULL, NULL, NULL, 0, '2018-02-28 15:07:07', NULL),
(214, NULL, '2018-02-28', 30, 79, NULL, NULL, NULL, NULL, NULL, NULL, 0, '2018-02-28 15:07:07', NULL),
(215, NULL, '2018-02-28', 31, 50, NULL, NULL, NULL, NULL, NULL, NULL, 0, '2018-02-28 15:07:07', NULL),
(216, NULL, '2018-02-28', 31, 51, NULL, NULL, NULL, NULL, NULL, NULL, 0, '2018-02-28 15:07:07', NULL),
(217, NULL, '2018-02-28', 31, 52, NULL, NULL, NULL, NULL, NULL, NULL, 0, '2018-02-28 15:07:07', NULL),
(218, NULL, '2018-02-28', 31, 53, NULL, NULL, NULL, NULL, NULL, NULL, 0, '2018-02-28 15:07:07', NULL),
(219, NULL, '2018-02-28', 31, 54, NULL, NULL, NULL, NULL, NULL, NULL, 0, '2018-02-28 15:07:07', NULL),
(220, NULL, '2018-02-28', 31, 55, NULL, NULL, NULL, NULL, NULL, NULL, 0, '2018-02-28 15:07:07', NULL),
(221, NULL, '2018-02-28', 32, 56, NULL, NULL, NULL, NULL, NULL, NULL, 0, '2018-02-28 15:07:07', NULL),
(222, NULL, '2018-02-28', 32, 57, NULL, NULL, NULL, NULL, NULL, NULL, 0, '2018-02-28 15:07:07', NULL),
(223, NULL, '2018-02-28', 32, 58, NULL, NULL, NULL, NULL, NULL, NULL, 0, '2018-02-28 15:07:07', NULL),
(224, NULL, '2018-02-28', 32, 59, NULL, NULL, NULL, NULL, NULL, NULL, 0, '2018-02-28 15:07:07', NULL),
(225, NULL, '2018-02-28', 32, 60, NULL, NULL, NULL, NULL, NULL, NULL, 0, '2018-02-28 15:07:07', NULL),
(226, NULL, '2018-02-28', 32, 61, NULL, NULL, NULL, NULL, NULL, NULL, 0, '2018-02-28 15:07:07', NULL),
(227, NULL, '2018-02-28', 32, 62, NULL, NULL, NULL, NULL, NULL, NULL, 0, '2018-02-28 15:07:07', NULL),
(228, NULL, '2018-02-28', 32, 63, NULL, NULL, NULL, NULL, NULL, NULL, 0, '2018-02-28 15:07:08', NULL),
(229, NULL, '2018-02-28', 33, 64, NULL, NULL, NULL, NULL, NULL, NULL, 0, '2018-02-28 15:07:08', NULL),
(230, NULL, '2018-02-28', 33, 65, NULL, NULL, NULL, NULL, NULL, NULL, 0, '2018-02-28 15:07:08', NULL),
(231, NULL, '2018-02-28', 33, 66, NULL, NULL, NULL, NULL, NULL, NULL, 0, '2018-02-28 15:07:08', NULL),
(232, NULL, '2018-02-28', 33, 67, NULL, NULL, NULL, NULL, NULL, NULL, 0, '2018-02-28 15:07:08', NULL),
(233, NULL, '2018-02-28', 33, 68, NULL, NULL, NULL, NULL, NULL, NULL, 0, '2018-02-28 15:07:08', NULL),
(234, NULL, '2018-02-28', 33, 69, NULL, NULL, NULL, NULL, NULL, NULL, 0, '2018-02-28 15:07:08', NULL),
(235, NULL, '2018-02-28', 33, 70, NULL, NULL, NULL, NULL, NULL, NULL, 0, '2018-02-28 15:07:08', NULL),
(236, NULL, '2018-02-28', 34, 71, NULL, NULL, NULL, NULL, NULL, NULL, 0, '2018-02-28 15:07:08', NULL),
(237, NULL, '2018-02-28', 34, 72, NULL, NULL, NULL, NULL, NULL, NULL, 0, '2018-02-28 15:07:08', NULL),
(238, NULL, '2018-02-28', 34, 73, NULL, NULL, NULL, NULL, NULL, NULL, 0, '2018-02-28 15:07:08', NULL),
(239, NULL, '2018-02-28', 34, 74, NULL, NULL, NULL, NULL, NULL, NULL, 0, '2018-02-28 15:07:08', NULL),
(240, NULL, '2018-02-28', 34, 75, NULL, NULL, NULL, NULL, NULL, NULL, 0, '2018-02-28 15:07:08', NULL),
(241, NULL, '2018-03-01', 30, 76, NULL, NULL, NULL, NULL, NULL, NULL, 0, '2018-03-01 15:17:51', NULL),
(242, NULL, '2018-03-01', 30, 77, NULL, NULL, NULL, NULL, NULL, NULL, 0, '2018-03-01 15:17:51', NULL),
(243, NULL, '2018-03-01', 30, 78, NULL, NULL, NULL, NULL, NULL, NULL, 0, '2018-03-01 15:17:51', NULL),
(244, NULL, '2018-03-01', 30, 79, NULL, NULL, NULL, NULL, NULL, NULL, 0, '2018-03-01 15:17:51', NULL),
(245, NULL, '2018-03-01', 31, 50, NULL, NULL, NULL, NULL, NULL, NULL, 0, '2018-03-01 15:17:51', NULL),
(246, NULL, '2018-03-01', 31, 51, NULL, NULL, NULL, NULL, NULL, NULL, 0, '2018-03-01 15:17:51', NULL),
(247, NULL, '2018-03-01', 31, 52, NULL, NULL, NULL, NULL, NULL, NULL, 0, '2018-03-01 15:17:51', NULL),
(248, NULL, '2018-03-01', 31, 53, NULL, NULL, NULL, NULL, NULL, NULL, 0, '2018-03-01 15:17:51', NULL),
(249, NULL, '2018-03-01', 31, 54, NULL, NULL, NULL, NULL, NULL, NULL, 0, '2018-03-01 15:17:51', NULL),
(250, NULL, '2018-03-01', 31, 55, NULL, NULL, NULL, NULL, NULL, NULL, 0, '2018-03-01 15:17:52', NULL),
(251, NULL, '2018-03-01', 32, 56, NULL, NULL, NULL, NULL, NULL, NULL, 0, '2018-03-01 15:17:52', NULL),
(252, NULL, '2018-03-01', 32, 57, NULL, NULL, NULL, NULL, NULL, NULL, 0, '2018-03-01 15:17:52', NULL),
(253, NULL, '2018-03-01', 32, 58, NULL, NULL, NULL, NULL, NULL, NULL, 0, '2018-03-01 15:17:52', NULL),
(254, NULL, '2018-03-01', 32, 59, NULL, NULL, NULL, NULL, NULL, NULL, 0, '2018-03-01 15:17:52', NULL),
(255, NULL, '2018-03-01', 32, 60, NULL, NULL, NULL, NULL, NULL, NULL, 0, '2018-03-01 15:17:52', NULL),
(256, NULL, '2018-03-01', 32, 61, NULL, NULL, NULL, NULL, NULL, NULL, 0, '2018-03-01 15:17:52', NULL),
(257, NULL, '2018-03-01', 32, 62, NULL, NULL, NULL, NULL, NULL, NULL, 0, '2018-03-01 15:17:52', NULL),
(258, NULL, '2018-03-01', 32, 63, NULL, NULL, NULL, NULL, NULL, NULL, 0, '2018-03-01 15:17:52', NULL),
(259, NULL, '2018-03-01', 33, 64, NULL, NULL, NULL, NULL, NULL, NULL, 0, '2018-03-01 15:17:52', NULL),
(260, NULL, '2018-03-01', 33, 65, NULL, NULL, NULL, NULL, NULL, NULL, 0, '2018-03-01 15:17:52', NULL),
(261, NULL, '2018-03-01', 33, 66, NULL, NULL, NULL, NULL, NULL, NULL, 0, '2018-03-01 15:17:52', NULL),
(262, NULL, '2018-03-01', 33, 67, NULL, NULL, NULL, NULL, NULL, NULL, 0, '2018-03-01 15:17:52', NULL),
(263, NULL, '2018-03-01', 33, 68, NULL, NULL, NULL, NULL, NULL, NULL, 0, '2018-03-01 15:17:52', NULL),
(264, NULL, '2018-03-01', 33, 69, NULL, NULL, NULL, NULL, NULL, NULL, 0, '2018-03-01 15:17:52', NULL),
(265, NULL, '2018-03-01', 33, 70, NULL, NULL, NULL, NULL, NULL, NULL, 0, '2018-03-01 15:17:52', NULL),
(266, NULL, '2018-03-01', 34, 71, NULL, NULL, NULL, NULL, NULL, NULL, 0, '2018-03-01 15:17:52', NULL),
(267, NULL, '2018-03-01', 34, 72, NULL, NULL, NULL, NULL, NULL, NULL, 0, '2018-03-01 15:17:52', NULL),
(268, NULL, '2018-03-01', 34, 73, NULL, NULL, NULL, NULL, NULL, NULL, 0, '2018-03-01 15:17:52', NULL),
(269, NULL, '2018-03-01', 34, 74, NULL, NULL, NULL, NULL, NULL, NULL, 0, '2018-03-01 15:17:52', NULL),
(270, NULL, '2018-03-01', 34, 75, NULL, NULL, NULL, NULL, NULL, NULL, 0, '2018-03-01 15:17:52', NULL),
(271, NULL, '2018-03-02', 30, 76, NULL, NULL, NULL, NULL, NULL, NULL, 0, '2018-03-01 15:17:56', NULL),
(272, NULL, '2018-03-02', 30, 77, NULL, NULL, NULL, NULL, NULL, NULL, 0, '2018-03-01 15:17:56', NULL),
(273, NULL, '2018-03-02', 30, 78, NULL, NULL, NULL, NULL, NULL, NULL, 0, '2018-03-01 15:17:56', NULL),
(274, NULL, '2018-03-02', 30, 79, NULL, NULL, NULL, NULL, NULL, NULL, 0, '2018-03-01 15:17:56', NULL),
(275, NULL, '2018-03-02', 31, 50, NULL, NULL, NULL, NULL, NULL, NULL, 0, '2018-03-01 15:17:56', NULL),
(276, NULL, '2018-03-02', 31, 51, NULL, NULL, NULL, NULL, NULL, NULL, 0, '2018-03-01 15:17:56', NULL),
(277, NULL, '2018-03-02', 31, 52, NULL, NULL, NULL, NULL, NULL, NULL, 0, '2018-03-01 15:17:56', NULL),
(278, NULL, '2018-03-02', 31, 53, NULL, NULL, NULL, NULL, NULL, NULL, 0, '2018-03-01 15:17:56', NULL),
(279, NULL, '2018-03-02', 31, 54, NULL, NULL, NULL, NULL, NULL, NULL, 0, '2018-03-01 15:17:56', NULL),
(280, NULL, '2018-03-02', 31, 55, NULL, NULL, NULL, NULL, NULL, NULL, 0, '2018-03-01 15:17:56', NULL),
(281, NULL, '2018-03-02', 32, 56, NULL, NULL, NULL, NULL, NULL, NULL, 0, '2018-03-01 15:17:56', NULL),
(282, NULL, '2018-03-02', 32, 57, NULL, NULL, NULL, NULL, NULL, NULL, 0, '2018-03-01 15:17:56', NULL),
(283, NULL, '2018-03-02', 32, 58, NULL, NULL, NULL, NULL, NULL, NULL, 0, '2018-03-01 15:17:56', NULL),
(284, NULL, '2018-03-02', 32, 59, NULL, NULL, NULL, NULL, NULL, NULL, 0, '2018-03-01 15:17:56', NULL),
(285, NULL, '2018-03-02', 32, 60, NULL, NULL, NULL, NULL, NULL, NULL, 0, '2018-03-01 15:17:56', NULL),
(286, NULL, '2018-03-02', 32, 61, NULL, NULL, NULL, NULL, NULL, NULL, 0, '2018-03-01 15:17:56', NULL),
(287, NULL, '2018-03-02', 32, 62, NULL, NULL, NULL, NULL, NULL, NULL, 0, '2018-03-01 15:17:56', NULL),
(288, NULL, '2018-03-02', 32, 63, NULL, NULL, NULL, NULL, NULL, NULL, 0, '2018-03-01 15:17:56', NULL),
(289, NULL, '2018-03-02', 33, 64, NULL, NULL, NULL, NULL, NULL, NULL, 0, '2018-03-01 15:17:56', NULL),
(290, NULL, '2018-03-02', 33, 65, NULL, NULL, NULL, NULL, NULL, NULL, 0, '2018-03-01 15:17:56', NULL),
(291, NULL, '2018-03-02', 33, 66, NULL, NULL, NULL, NULL, NULL, NULL, 0, '2018-03-01 15:17:56', NULL),
(292, NULL, '2018-03-02', 33, 67, NULL, NULL, NULL, NULL, NULL, NULL, 0, '2018-03-01 15:17:56', NULL),
(293, NULL, '2018-03-02', 33, 68, NULL, NULL, NULL, NULL, NULL, NULL, 0, '2018-03-01 15:17:56', NULL),
(294, NULL, '2018-03-02', 33, 69, NULL, NULL, NULL, NULL, NULL, NULL, 0, '2018-03-01 15:17:56', NULL),
(295, NULL, '2018-03-02', 33, 70, NULL, NULL, NULL, NULL, NULL, NULL, 0, '2018-03-01 15:17:56', NULL),
(296, NULL, '2018-03-02', 34, 71, NULL, NULL, NULL, NULL, NULL, NULL, 0, '2018-03-01 15:17:56', NULL),
(297, NULL, '2018-03-02', 34, 72, NULL, NULL, NULL, NULL, NULL, NULL, 0, '2018-03-01 15:17:56', NULL),
(298, NULL, '2018-03-02', 34, 73, NULL, NULL, NULL, NULL, NULL, NULL, 0, '2018-03-01 15:17:56', NULL),
(299, NULL, '2018-03-02', 34, 74, NULL, NULL, NULL, NULL, NULL, NULL, 0, '2018-03-01 15:17:56', NULL),
(300, NULL, '2018-03-02', 34, 75, NULL, NULL, NULL, NULL, NULL, NULL, 0, '2018-03-01 15:17:56', NULL),
(301, NULL, '2018-04-04', 30, 76, NULL, NULL, NULL, NULL, NULL, NULL, 0, '2018-04-04 19:44:14', NULL),
(302, NULL, '2018-04-04', 30, 77, NULL, NULL, NULL, NULL, NULL, NULL, 0, '2018-04-04 19:44:14', NULL),
(303, NULL, '2018-04-04', 30, 78, NULL, NULL, NULL, NULL, NULL, NULL, 0, '2018-04-04 19:44:14', NULL),
(304, NULL, '2018-04-04', 30, 79, NULL, NULL, NULL, NULL, NULL, NULL, 0, '2018-04-04 19:44:14', NULL),
(305, NULL, '2018-04-04', 31, 50, NULL, NULL, NULL, NULL, NULL, NULL, 0, '2018-04-04 19:44:14', NULL),
(306, NULL, '2018-04-04', 31, 51, NULL, NULL, NULL, NULL, NULL, NULL, 0, '2018-04-04 19:44:14', NULL),
(307, NULL, '2018-04-04', 31, 52, NULL, NULL, NULL, NULL, NULL, NULL, 0, '2018-04-04 19:44:14', NULL),
(308, NULL, '2018-04-04', 31, 53, NULL, NULL, NULL, NULL, NULL, NULL, 0, '2018-04-04 19:44:14', NULL),
(309, NULL, '2018-04-04', 31, 54, NULL, NULL, NULL, NULL, NULL, NULL, 0, '2018-04-04 19:44:14', NULL),
(310, NULL, '2018-04-04', 31, 55, NULL, NULL, NULL, NULL, NULL, NULL, 0, '2018-04-04 19:44:15', NULL),
(311, NULL, '2018-04-04', 32, 56, NULL, NULL, NULL, NULL, NULL, NULL, 0, '2018-04-04 19:44:15', NULL),
(312, NULL, '2018-04-04', 32, 57, NULL, NULL, NULL, NULL, NULL, NULL, 0, '2018-04-04 19:44:15', NULL),
(313, NULL, '2018-04-04', 32, 58, NULL, NULL, NULL, NULL, NULL, NULL, 0, '2018-04-04 19:44:15', NULL),
(314, NULL, '2018-04-04', 32, 59, NULL, NULL, NULL, NULL, NULL, NULL, 0, '2018-04-04 19:44:15', NULL),
(315, NULL, '2018-04-04', 32, 60, NULL, NULL, NULL, NULL, NULL, NULL, 0, '2018-04-04 19:44:15', NULL),
(316, NULL, '2018-04-04', 32, 61, NULL, NULL, NULL, NULL, NULL, NULL, 0, '2018-04-04 19:44:15', NULL),
(317, NULL, '2018-04-04', 32, 62, NULL, NULL, NULL, NULL, NULL, NULL, 0, '2018-04-04 19:44:15', NULL),
(318, NULL, '2018-04-04', 32, 63, NULL, NULL, NULL, NULL, NULL, NULL, 0, '2018-04-04 19:44:15', NULL),
(319, NULL, '2018-04-04', 33, 64, NULL, NULL, NULL, NULL, NULL, NULL, 0, '2018-04-04 19:44:15', NULL),
(320, NULL, '2018-04-04', 33, 65, NULL, NULL, NULL, NULL, NULL, NULL, 0, '2018-04-04 19:44:15', NULL),
(321, NULL, '2018-04-04', 33, 66, NULL, NULL, NULL, NULL, NULL, NULL, 0, '2018-04-04 19:44:15', NULL),
(322, NULL, '2018-04-04', 33, 67, NULL, NULL, NULL, NULL, NULL, NULL, 0, '2018-04-04 19:44:15', NULL),
(323, NULL, '2018-04-04', 33, 68, NULL, NULL, NULL, NULL, NULL, NULL, 0, '2018-04-04 19:44:15', NULL),
(324, NULL, '2018-04-04', 33, 69, NULL, NULL, NULL, NULL, NULL, NULL, 0, '2018-04-04 19:44:15', NULL),
(325, NULL, '2018-04-04', 33, 70, NULL, NULL, NULL, NULL, NULL, NULL, 0, '2018-04-04 19:44:15', NULL),
(326, NULL, '2018-04-04', 34, 71, NULL, NULL, NULL, NULL, NULL, NULL, 0, '2018-04-04 19:44:15', NULL),
(327, NULL, '2018-04-04', 34, 72, NULL, NULL, NULL, NULL, NULL, NULL, 0, '2018-04-04 19:44:16', NULL),
(328, NULL, '2018-04-04', 34, 73, NULL, NULL, NULL, NULL, NULL, NULL, 0, '2018-04-04 19:44:16', NULL),
(329, NULL, '2018-04-04', 34, 74, NULL, NULL, NULL, NULL, NULL, NULL, 0, '2018-04-04 19:44:16', NULL),
(330, NULL, '2018-04-04', 34, 75, NULL, NULL, NULL, NULL, NULL, NULL, 0, '2018-04-04 19:44:16', NULL);

-- --------------------------------------------------------

--
-- Table structure for table `courts`
--

CREATE TABLE `courts` (
  `court_id` tinyint(4) NOT NULL,
  `name` varchar(64) NOT NULL,
  `description` text,
  `opening_time` time DEFAULT NULL,
  `closing_time` time DEFAULT NULL,
  `slot_interval` int(11) NOT NULL,
  `amenities` text,
  `price` int(11) DEFAULT NULL,
  `image` text,
  `status` tinyint(4) DEFAULT NULL COMMENT '0-inactive, 1-Active',
  `created_at` datetime DEFAULT CURRENT_TIMESTAMP,
  `updated_at` datetime DEFAULT NULL
) ENGINE=InnoDB DEFAULT CHARSET=latin1;

--
-- Dumping data for table `courts`
--

INSERT INTO `courts` (`court_id`, `name`, `description`, `opening_time`, `closing_time`, `slot_interval`, `amenities`, `price`, `image`, `status`, `created_at`, `updated_at`) VALUES
(30, 'Metal', 'Checking the possibilities', '06:00:00', '18:00:00', 3, NULL, 400, NULL, 1, '2017-07-22 15:45:40', NULL),
(31, 'Gold', '', '06:00:00', '18:00:00', 2, NULL, 200, NULL, 1, '2017-07-22 15:46:52', NULL),
(32, 'Ruby', '', '06:00:00', '18:00:00', 2, NULL, 200, NULL, 1, '2017-07-22 15:49:19', NULL),
(33, 'Silver', '', '06:00:00', '18:00:00', 2, NULL, 200, NULL, 1, '2017-07-22 15:51:20', NULL),
(34, 'Platinum', '', '06:00:00', '18:00:00', 2, NULL, 200, NULL, 1, '2017-07-22 15:52:32', NULL),
(40, 'test1', 'test 1qq', '09:00:00', '10:00:00', 1, NULL, 100, NULL, 0, '2017-07-29 15:00:39', NULL);

-- --------------------------------------------------------

--
-- Table structure for table `loan`
--

CREATE TABLE `loan` (
  `id` int(11) NOT NULL,
  `loan_no` int(11) DEFAULT NULL,
  `loan_value` float NOT NULL,
  `interest_percentage` float NOT NULL,
  `monthly_principle` float NOT NULL,
  `monthly_interest` float NOT NULL,
  `no_of_installments` int(11) NOT NULL,
  `user_id` int(11) NOT NULL,
  `customer_name` varchar(128) DEFAULT NULL,
  `total_to_pay` float NOT NULL,
  `installment_amount` float DEFAULT NULL,
  `total_paid` float NOT NULL,
  `installments_paid` int(11) NOT NULL,
  `vehicle_id` int(11) NOT NULL,
  `created_at` int(11) DEFAULT NULL,
  `updated_at` int(11) DEFAULT NULL
) ENGINE=InnoDB DEFAULT CHARSET=latin1;

--
-- Dumping data for table `loan`
--

INSERT INTO `loan` (`id`, `loan_no`, `loan_value`, `interest_percentage`, `monthly_principle`, `monthly_interest`, `no_of_installments`, `user_id`, `customer_name`, `total_to_pay`, `installment_amount`, `total_paid`, `installments_paid`, `vehicle_id`, `created_at`, `updated_at`) VALUES
(3, 457, 4000, 3, 400, 120, 10, 9, NULL, 0, 520, 0, 0, 1, 1522846936, 1522846936),
(4, 124, 5000, 2, 1000, 100, 5, 16, 'Ravindra Gangadhar', 5500, 1100, 0, 0, 3, 1522850875, 1522850875),
(5, 4587, 100000, 2, 4166.67, 2000, 24, 17, 'Virat Kohli', 148000, 6166.67, 6167, 0, 5, 1525852446, 1526017489),
(6, 745, 100000, 1.5, 8333.33, 1500, 12, 16, 'Ravindra Gangadhar', 118000, 9833.33, 0, 0, 2, 1526025988, 1526025988);

-- --------------------------------------------------------

--
-- Table structure for table `loan_installments`
--

CREATE TABLE `loan_installments` (
  `id` int(11) NOT NULL,
  `loan_id` int(11) NOT NULL,
  `monthly_principle` float NOT NULL,
  `monthly_interest` float NOT NULL,
  `fine` float NOT NULL,
  `status` int(11) NOT NULL,
  `created_at` int(11) NOT NULL,
  `updated_at` int(11) NOT NULL
) ENGINE=InnoDB DEFAULT CHARSET=latin1;

--
-- Dumping data for table `loan_installments`
--

INSERT INTO `loan_installments` (`id`, `loan_id`, `monthly_principle`, `monthly_interest`, `fine`, `status`, `created_at`, `updated_at`) VALUES
(1, 3, 400, 120, 0, 0, 1522846936, 1522846936),
(2, 3, 400, 120, 0, 0, 1522846936, 1522846936),
(3, 3, 400, 120, 0, 0, 1522846936, 1522846936),
(4, 3, 400, 120, 0, 0, 1522846936, 1522846936),
(5, 3, 400, 120, 0, 0, 1522846936, 1522846936),
(6, 3, 400, 120, 0, 0, 1522846936, 1522846936),
(7, 3, 400, 120, 0, 0, 1522846936, 1522846936),
(8, 3, 400, 120, 0, 0, 1522846936, 1522846936),
(9, 3, 400, 120, 0, 0, 1522846936, 1522846936),
(10, 3, 400, 120, 0, 0, 1522846936, 1522846936),
(11, 4, 1000, 100, 0, 0, 1522850875, 1522850875),
(12, 4, 1000, 100, 0, 0, 1522850875, 1522850875),
(13, 4, 1000, 100, 0, 0, 1522850875, 1522850875),
(14, 4, 1000, 100, 0, 0, 1522850876, 1522850876),
(15, 4, 1000, 100, 0, 0, 1522850876, 1522850876),
(16, 5, 4166.67, 2000, 0, 1, 1525852446, 1526017488),
(17, 5, 4166.67, 2000, 0, 0, 1525852446, 1525852446),
(18, 5, 4166.67, 2000, 0, 0, 1525852446, 1525852446),
(19, 5, 4166.67, 2000, 0, 0, 1525852446, 1525852446),
(20, 5, 4166.67, 2000, 0, 0, 1525852446, 1525852446),
(21, 5, 4166.67, 2000, 0, 0, 1525852446, 1525852446),
(22, 5, 4166.67, 2000, 0, 0, 1525852446, 1525852446),
(23, 5, 4166.67, 2000, 0, 0, 1525852446, 1525852446),
(24, 5, 4166.67, 2000, 0, 0, 1525852446, 1525852446),
(25, 5, 4166.67, 2000, 0, 0, 1525852446, 1525852446),
(26, 5, 4166.67, 2000, 0, 0, 1525852446, 1525852446),
(27, 5, 4166.67, 2000, 0, 0, 1525852447, 1525852447),
(28, 5, 4166.67, 2000, 0, 0, 1525852447, 1525852447),
(29, 5, 4166.67, 2000, 0, 0, 1525852447, 1525852447),
(30, 5, 4166.67, 2000, 0, 0, 1525852447, 1525852447),
(31, 5, 4166.67, 2000, 0, 0, 1525852447, 1525852447),
(32, 5, 4166.67, 2000, 0, 0, 1525852447, 1525852447),
(33, 5, 4166.67, 2000, 0, 0, 1525852447, 1525852447),
(34, 5, 4166.67, 2000, 0, 0, 1525852447, 1525852447),
(35, 5, 4166.67, 2000, 0, 0, 1525852447, 1525852447),
(36, 5, 4166.67, 2000, 0, 0, 1525852447, 1525852447),
(37, 5, 4166.67, 2000, 0, 0, 1525852447, 1525852447),
(38, 5, 4166.67, 2000, 0, 0, 1525852447, 1525852447),
(39, 5, 4166.67, 2000, 0, 0, 1525852447, 1525852447),
(40, 6, 8333.33, 1500, 0, 0, 1526025989, 1526025989),
(41, 6, 8333.33, 1500, 0, 0, 1526025989, 1526025989),
(42, 6, 8333.33, 1500, 0, 0, 1526025989, 1526025989),
(43, 6, 8333.33, 1500, 0, 0, 1526025989, 1526025989),
(44, 6, 8333.33, 1500, 0, 0, 1526025989, 1526025989),
(45, 6, 8333.33, 1500, 0, 0, 1526025989, 1526025989),
(46, 6, 8333.33, 1500, 0, 0, 1526025989, 1526025989),
(47, 6, 8333.33, 1500, 0, 0, 1526025989, 1526025989),
(48, 6, 8333.33, 1500, 0, 0, 1526025989, 1526025989),
(49, 6, 8333.33, 1500, 0, 0, 1526025989, 1526025989),
(50, 6, 8333.33, 1500, 0, 0, 1526025989, 1526025989),
(51, 6, 8333.33, 1500, 0, 0, 1526025989, 1526025989);

-- --------------------------------------------------------

--
-- Table structure for table `slots`
--

CREATE TABLE `slots` (
  `slot_id` tinyint(4) NOT NULL,
  `courts_id` tinyint(4) NOT NULL,
  `slot_timing` varchar(32) DEFAULT NULL,
  `price` int(11) DEFAULT NULL,
  `status` tinyint(4) NOT NULL COMMENT '0-inactive, 1-ActiveI',
  `created_at` datetime DEFAULT NULL,
  `updated_at` datetime DEFAULT NULL
) ENGINE=InnoDB DEFAULT CHARSET=latin1;

--
-- Dumping data for table `slots`
--

INSERT INTO `slots` (`slot_id`, `courts_id`, `slot_timing`, `price`, `status`, `created_at`, `updated_at`) VALUES
(39, 30, '08:00 am-09:00 am', 100, 0, NULL, NULL),
(40, 30, '08:00 am-09:00 am', 100, 0, NULL, NULL),
(41, 30, '09:00 am-10:00 am', 100, 0, NULL, NULL),
(42, 30, '10:00 am-11:00 am', 100, 0, NULL, NULL),
(43, 30, '11:00 am-12:00 pm', 100, 0, NULL, NULL),
(44, 30, '12:00 pm-01:00 pm', 100, 0, NULL, NULL),
(45, 30, '01:00 pm-02:00 pm', 100, 0, NULL, NULL),
(46, 30, '02:00 pm-03:00 pm', 100, 0, NULL, NULL),
(47, 30, '03:00 pm-04:00 pm', 100, 0, NULL, NULL),
(48, 30, '04:00 pm-05:00 pm', 100, 0, NULL, NULL),
(49, 30, '05:00 pm-06:00 pm', 100, 0, NULL, NULL),
(50, 31, '06:00 am-08:00 am', 200, 1, NULL, NULL),
(51, 31, '08:00 am-10:00 am', 200, 1, NULL, NULL),
(52, 31, '10:00 am-12:00 pm', 200, 1, NULL, NULL),
(53, 31, '12:00 pm-02:00 pm', 200, 1, NULL, NULL),
(54, 31, '02:00 pm-04:00 pm', 200, 1, NULL, NULL),
(55, 31, '04:00 pm-06:00 pm', 200, 1, NULL, NULL),
(56, 32, '08:00 am-09:00 am', 150, 1, NULL, NULL),
(57, 32, '09:00 am-10:00 am', 150, 1, NULL, NULL),
(58, 32, '10:00 am-11:00 am', 150, 1, NULL, NULL),
(59, 32, '11:00 am-12:00 pm', 150, 1, NULL, NULL),
(60, 32, '12:00 pm-01:00 pm', 150, 1, NULL, NULL),
(61, 32, '01:00 pm-02:00 pm', 150, 1, NULL, NULL),
(62, 32, '02:00 pm-03:00 pm', 150, 1, NULL, NULL),
(63, 32, '03:00 pm-04:00 pm', 150, 1, NULL, NULL),
(64, 33, '06:00 am-08:00 am', 200, 1, NULL, NULL),
(65, 33, '08:00 am-10:00 am', 200, 1, NULL, NULL),
(66, 33, '10:00 am-12:00 pm', 200, 1, NULL, NULL),
(67, 33, '12:00 pm-02:00 pm', 200, 1, NULL, NULL),
(68, 33, '02:00 pm-04:00 pm', 200, 1, NULL, NULL),
(69, 33, '04:00 pm-06:00 pm', 200, 1, NULL, NULL),
(70, 33, '06:00 pm-08:00 pm', 200, 1, NULL, NULL),
(71, 34, '06:00 am-09:00 am', 250, 1, NULL, NULL),
(72, 34, '09:00 am-12:00 pm', 250, 1, NULL, NULL),
(73, 34, '12:00 pm-03:00 pm', 250, 1, NULL, NULL),
(74, 34, '03:00 pm-06:00 pm', 250, 1, NULL, NULL),
(75, 34, '06:00 pm-07:00 pm', 250, 1, NULL, NULL),
(76, 30, '06:00 am-09:00 am', 500, 1, NULL, NULL),
(77, 30, '09:00 am-12:00 pm', 400, 1, NULL, NULL),
(78, 30, '12:00 pm-03:00 pm', 400, 1, NULL, NULL),
(79, 30, '03:00 pm-06:00 pm', 400, 1, NULL, NULL),
(85, 40, '09:00 am-10:00 am', 100, 0, NULL, NULL);

-- --------------------------------------------------------

--
-- Table structure for table `user`
--

CREATE TABLE `user` (
  `user_id` int(4) NOT NULL,
  `first_name` varchar(64) DEFAULT NULL,
  `last_name` varchar(64) DEFAULT NULL,
  `father_name` varchar(32) DEFAULT NULL,
  `email` varchar(128) DEFAULT NULL,
  `mobile` varchar(64) DEFAULT NULL,
  `password` varchar(16) DEFAULT NULL,
  `enc_password` varchar(255) DEFAULT NULL,
  `address` text,
  `dob` date DEFAULT NULL,
  `age` tinyint(4) DEFAULT NULL,
  `gender` tinyint(4) DEFAULT NULL COMMENT '0-Female, 1-Male',
  `joined_on` timestamp NULL DEFAULT CURRENT_TIMESTAMP,
  `role` tinyint(4) DEFAULT NULL COMMENT '1-admin, 2-customer, 3-guestuser',
  `status` int(11) DEFAULT NULL,
  `created_at` int(11) DEFAULT NULL,
  `updated_at` int(11) DEFAULT NULL
) ENGINE=InnoDB DEFAULT CHARSET=latin1;

--
-- Dumping data for table `user`
--

INSERT INTO `user` (`user_id`, `first_name`, `last_name`, `father_name`, `email`, `mobile`, `password`, `enc_password`, `address`, `dob`, `age`, `gender`, `joined_on`, `role`, `status`, `created_at`, `updated_at`) VALUES
(9, 'Glen', 'Maxwell', NULL, 'max@mail.com', '7418529635', '123', '$2a$08$aw3ly2YgPRsHKzBnFCzCguOurYK9CDMxKt.1fS3Am.9OjeSpCpn.e', 'a;lkdfa;', NULL, NULL, 1, '2017-07-20 09:58:26', 2, NULL, NULL, NULL),
(10, 'Admin', 'George', NULL, 'admin@mail.com', '451638974', '123', '$2a$08$aw3ly2YgPRsHKzBnFCzCguOurYK9CDMxKt.1fS3Am.9OjeSpCpn.e', 'Ramiah hospital', NULL, NULL, 1, '2017-07-20 09:58:26', 1, 1, NULL, NULL),
(16, 'Ravindra', 'Gangadhar', NULL, 'ravi@bigappcompany.com', '9980411991', NULL, NULL, NULL, NULL, NULL, NULL, '2017-07-26 14:03:21', 2, NULL, NULL, NULL),
(17, 'Virat', 'Kohli', NULL, 'virat@mail.com', '7412589635', NULL, NULL, NULL, NULL, NULL, NULL, '2017-07-27 06:53:36', 2, NULL, NULL, NULL),
(18, 'Bhuvaneshwar', 'Kuamar', NULL, 'bhuvi@mail.com', '9964154414', '123', '$2a$08$mKX2bFRNDf8ZnvBfxKtFI.Ydil9koTkk6oOfTopMwzCFHGJOPDa1W', 'Utterpradesh', NULL, NULL, 1, '2017-07-27 07:25:09', 2, NULL, NULL, NULL),
(20, 'Pravin', NULL, NULL, 'pravin@mail.com', '741085274', NULL, NULL, NULL, NULL, NULL, NULL, '2017-07-27 11:01:02', 3, NULL, NULL, NULL),
(21, 'Ajinkya', 'Rahanae', NULL, 'rahanae@mail.com', '8521479635', '123', '$2a$08$39Qt7zt7QF3LlecHb.OcheLKSssJ0L/JSNA0xTkrV.wBmvciIjg1e', 'Utranchal', NULL, NULL, 1, '2017-07-27 12:59:48', 2, NULL, NULL, NULL),
(30, 'Virendar', NULL, NULL, 'viru@mail.com', '9964154414', NULL, NULL, NULL, NULL, NULL, NULL, '2017-07-27 13:33:26', 3, NULL, NULL, NULL),
(31, 'Virat', 'Kohli', '', NULL, NULL, NULL, NULL, 'Max', NULL, NULL, 1, '2018-02-28 10:59:28', 2, NULL, 1519815568, 1519815568),
(32, 'Bluetooth', 'RI', '', NULL, NULL, NULL, NULL, 'Sony', NULL, NULL, 1, '2018-02-28 11:06:56', 2, NULL, 1519816016, 1519816016),
(33, 'asdfasdf', 'asdfasdf', '', NULL, NULL, NULL, NULL, 'asdfasf', NULL, NULL, 1, '2018-02-28 11:07:53', 2, NULL, 1519816073, 1519816073),
(34, 'fasdfas', 'asdfasdf', '', NULL, NULL, NULL, NULL, 'asdfasdf', NULL, NULL, 1, '2018-02-28 11:12:42', 2, NULL, 1519816362, 1519816362),
(35, 'Sakthi', 'K', 'adsfasdfasd', NULL, NULL, NULL, NULL, 'Kanthasamy', NULL, NULL, 1, '2018-02-28 11:13:56', 2, NULL, 1519816436, 1519816436),
(36, 'Sakthi', 'K', '', NULL, '9023874234', NULL, NULL, 'Kanthasamy', NULL, NULL, 1, '2018-02-28 11:16:22', 2, NULL, 1519816582, 1519816582),
(37, 'Sakthi', 'K', '', NULL, '9023874234', NULL, NULL, 'Kanthasamy', NULL, NULL, 1, '2018-02-28 11:16:44', 2, NULL, 1519816604, 1519816604),
(38, 'Sakthi', 'K', '', NULL, '9023874234', NULL, NULL, 'Kanthasamy', NULL, NULL, 1, '2018-02-28 11:19:12', 2, NULL, 1519816752, 1519816752);

-- --------------------------------------------------------

--
-- Table structure for table `vehicle`
--

CREATE TABLE `vehicle` (
  `id` int(11) NOT NULL,
  `vehicle_name` varchar(32) NOT NULL,
  `vehicle_company` varchar(32) NOT NULL,
  `vehicle_model` varchar(16) NOT NULL,
  `reg_number` varchar(12) NOT NULL,
  `user_id` int(11) NOT NULL,
  `user_name` varchar(64) DEFAULT NULL,
  `status` int(11) NOT NULL,
  `created_at` int(11) NOT NULL,
  `updated_at` int(11) NOT NULL
) ENGINE=InnoDB DEFAULT CHARSET=latin1;

--
-- Dumping data for table `vehicle`
--

INSERT INTO `vehicle` (`id`, `vehicle_name`, `vehicle_company`, `vehicle_model`, `reg_number`, `user_id`, `user_name`, `status`, `created_at`, `updated_at`) VALUES
(1, 'Lorry', 'Leyland', '2000', 'TN Glen', 9, NULL, 0, 0, 0),
(2, 'Tarus', 'Leyland', '2003', 'TN Ravi', 16, NULL, 0, 1521011287, 1521011287),
(3, 'Lorry', 'Leyland', '5413', 'TN Ravi1', 16, NULL, 0, 1521011437, 1521011437),
(4, 'Lorry', 'Leyland', '5413', 'TN Ravi2', 16, NULL, 0, 1521011451, 1521011451),
(5, 'Audi', 'Audi', 'R8', 'KA67LKJU', 17, NULL, 0, 1525852396, 1525852396);

--
-- Indexes for dumped tables
--

--
-- Indexes for table `bookings`
--
ALTER TABLE `bookings`
  ADD PRIMARY KEY (`bookings_id`),
  ADD KEY `user_id` (`user_id`),
  ADD KEY `courts_id` (`courts_id`),
  ADD KEY `slots_id` (`slots_id`);

--
-- Indexes for table `courts`
--
ALTER TABLE `courts`
  ADD PRIMARY KEY (`court_id`);

--
-- Indexes for table `loan`
--
ALTER TABLE `loan`
  ADD PRIMARY KEY (`id`);

--
-- Indexes for table `loan_installments`
--
ALTER TABLE `loan_installments`
  ADD PRIMARY KEY (`id`);

--
-- Indexes for table `slots`
--
ALTER TABLE `slots`
  ADD PRIMARY KEY (`slot_id`),
  ADD KEY `courts_id` (`courts_id`);

--
-- Indexes for table `user`
--
ALTER TABLE `user`
  ADD PRIMARY KEY (`user_id`),
  ADD UNIQUE KEY `email` (`email`);

--
-- Indexes for table `vehicle`
--
ALTER TABLE `vehicle`
  ADD PRIMARY KEY (`id`);

--
-- AUTO_INCREMENT for dumped tables
--

--
-- AUTO_INCREMENT for table `bookings`
--
ALTER TABLE `bookings`
  MODIFY `bookings_id` int(11) NOT NULL AUTO_INCREMENT, AUTO_INCREMENT=331;
--
-- AUTO_INCREMENT for table `courts`
--
ALTER TABLE `courts`
  MODIFY `court_id` tinyint(4) NOT NULL AUTO_INCREMENT, AUTO_INCREMENT=41;
--
-- AUTO_INCREMENT for table `loan`
--
ALTER TABLE `loan`
  MODIFY `id` int(11) NOT NULL AUTO_INCREMENT, AUTO_INCREMENT=7;
--
-- AUTO_INCREMENT for table `loan_installments`
--
ALTER TABLE `loan_installments`
  MODIFY `id` int(11) NOT NULL AUTO_INCREMENT, AUTO_INCREMENT=52;
--
-- AUTO_INCREMENT for table `slots`
--
ALTER TABLE `slots`
  MODIFY `slot_id` tinyint(4) NOT NULL AUTO_INCREMENT, AUTO_INCREMENT=86;
--
-- AUTO_INCREMENT for table `user`
--
ALTER TABLE `user`
  MODIFY `user_id` int(4) NOT NULL AUTO_INCREMENT, AUTO_INCREMENT=39;
--
-- AUTO_INCREMENT for table `vehicle`
--
ALTER TABLE `vehicle`
  MODIFY `id` int(11) NOT NULL AUTO_INCREMENT, AUTO_INCREMENT=6;
--
-- Constraints for dumped tables
--

--
-- Constraints for table `bookings`
--
ALTER TABLE `bookings`
  ADD CONSTRAINT `fk_bookings.user_id-user.user_id` FOREIGN KEY (`user_id`) REFERENCES `user` (`user_id`) ON DELETE SET NULL ON UPDATE SET NULL;

--
-- Constraints for table `slots`
--
ALTER TABLE `slots`
  ADD CONSTRAINT `fk_courts_courts_id_slots_slot_id` FOREIGN KEY (`courts_id`) REFERENCES `courts` (`court_id`) ON DELETE CASCADE ON UPDATE CASCADE;

/*!40101 SET CHARACTER_SET_CLIENT=@OLD_CHARACTER_SET_CLIENT */;
/*!40101 SET CHARACTER_SET_RESULTS=@OLD_CHARACTER_SET_RESULTS */;
/*!40101 SET COLLATION_CONNECTION=@OLD_COLLATION_CONNECTION */;
